id,username,created_at,lng,lat,text
1521325128235495424,potaspotja,Tue May 03 03:05:50 +0000 2022,139.276,35.3965,03:04 JF1CMH/1 on JA-1790(JP-KN Isehara Tounoyama Provincial Park) 7003 CW [JF1CMH]
1521325128034193408,zChefHeather,Tue May 03 03:05:50 +0000 2022,127.813768,26.362750499999997,Happy Flying Pikachu!!! @PokemonGoApp #PokemonGO https://t.co/Bm7qnxFMVN
1521325193746350081,RomeGoCrazy8,Tue May 03 03:06:05 +0000 2022,139.3369375,35.733667499999996,How many of y‚Äôall was listening to this in middle school lol üòÇ https://t.co/5BxqSMLPLU
1521325248448442369,RomeGoCrazy8,Tue May 03 03:06:18 +0000 2022,139.3369375,35.733667499999996,@Pretty_Clea Me duh
1521325288906362880,Iceman_626,Tue May 03 03:06:28 +0000 2022,122.31067250000001,41.097476,Slut puppy is waiting for his masterüí¶ #daddy #nudes #cum #fistingslut #horny #slave #Ë¥±Áãó #Êã≥ #bdsm #puppysub https://t.co/UiRoThibkc
1521325326113992704,rm_go_go,Tue May 03 03:06:37 +0000 2022,139.700498,35.696364,20220503marquee‚â†night FREE!! 13@Êñ∞ÂÆøMarble#POPPY #„Éè„Éî„Éù„Éî#„Éû„Éº„Ç≠„Éº„Éä„Ç§„Éà https://t.co/MTlPSRDL0x
1521325342928949248,ryofougere,Tue May 03 03:06:41 +0000 2022,135.1215605,35.315265,First fan art of the Captain !@CptVelvetMeteor #gamedev #coffetime https://t.co/yUOKGPFTxg
1521325362252513283,fefyhatesyall,Tue May 03 03:06:45 +0000 2022,139.630609,35.878185,Just disgusting
1521325408850874370,Iceman_626,Tue May 03 03:06:56 +0000 2022,122.31067250000001,41.097476,Slut puppy is waiting for his masterüí¶ #daddy #nudes #cum #fistingslut #horny #slave #Ë¥±Áãó #Êã≥ #bdsm #puppysub https://t.co/MTQmXIOVfd
1521325426014326784,pyxxxa,Tue May 03 03:07:01 +0000 2022,126.911463,37.556418,fyi he‚Äôs American boy. He was born and raised in Chicago!!!!
1521325460579225600,thefatherabex3,Tue May 03 03:07:09 +0000 2022,126.841949,37.843098499999996,Counting down the days until I can have a brunch with @itsdj666 @simplyaleexx @espii_raee Like 6 more months lmao
1521325482020532225,MamaRosaMakeup,Tue May 03 03:07:14 +0000 2022,129.160683,35.1992555,@Vansilli @neT_valorant Hiiiii!!! I‚Äôm Korea right now so hard to tell you where the taco spots are but DM me and I‚Äô‚Ä¶ https://t.co/ScaR6ioAr4
1521325521380212736,jamalhoseok,Tue May 03 03:07:23 +0000 2022,129.097141,35.121939,@ateezconcerthrs @ATEEZofficial They will release it in many platforms including hello82
1521325553608970242,naottro0229,Tue May 03 03:07:31 +0000 2022,139.69259709,35.64927586,"I'm at Starbucks Reserve Bar in Meguro-Ku, Tokyo https://t.co/yPZ8KJx8Uj"
1521325735528460288,JINBOsuperfreak,Tue May 03 03:08:14 +0000 2022,127.01414645,37.49605556,Just posted a photo @ F45 Training Gyodae https://t.co/RdoONCF2Xn
1521325794139656192,jessethanley,Tue May 03 03:08:28 +0000 2022,130.3879495,33.57973,@mattwensing @dohertyjf It‚Äôs been interesting hearing my wife discover stories of others in the US go through simil‚Ä¶ https://t.co/P7Hr9mQVxr
1521325851874275330,Langy816_,Tue May 03 03:08:42 +0000 2022,131.687724,33.17529,First ever subathon! Live now! Link in comments! https://t.co/QGnfmoVhBI
1521325984804646913,nanadaia1211,Tue May 03 03:09:14 +0000 2022,139.7091805,35.701657,D-DAYüôåüòÜ‚ù§Ô∏è
1521326147874615296,MamaRosaMakeup,Tue May 03 03:09:53 +0000 2022,129.160683,35.1992555,My spot is crowded today!Searching for a new reading spot!
1521326352754184192,tmoonfairy,Tue May 03 03:10:42 +0000 2022,127.0083315,37.4899945,Yeah im never going back there
1521326494429024257,shehasastory_,Tue May 03 03:11:15 +0000 2022,133.867043,34.783814,@crossjab0213at1 @JeffreyParmer @robertapoliti_ @ChuChuM14 @HunterCort Hunter!! üëèüèΩ
1521326609571397632,airdefencestand,Tue May 03 03:11:43 +0000 2022,127.05575999999999,37.4885575,New Discussing Hill https://t.co/TvbqOMLFus
1521326627661266944,brentschmidt,Tue May 03 03:11:47 +0000 2022,127.4824815,38.219828500000006,Rocket go boom. #yeeyee https://t.co/Mja96LPpQu
1521326706774056960,MamaRosaMakeup,Tue May 03 03:12:06 +0000 2022,129.160683,35.1992555,I‚Äôm crying.My heart hurts with this news.I have so many thoughts and feelings and they‚Äôre all scrambled.JFC just‚Ä¶ https://t.co/mDPti9Ljg5
1521326824814305282,SlimeCouple,Tue May 03 03:12:34 +0000 2022,127.756205,26.273795,Even the totally vegan nonviolent Buddhist group I followed made a pro abortion post. Americans.
1521326855101378561,snailgiirl,Tue May 03 03:12:41 +0000 2022,139.561281,35.679776000000004,in desperate need of a haircut
1521326950727495680,shingo_EX,Tue May 03 03:13:04 +0000 2022,139.66090082,35.44167456,I'm at UNION HARBOR https://t.co/wiApKSRWqP
1521326982394691585,anxiousbunny407,Tue May 03 03:13:12 +0000 2022,136.86747150000002,35.1655625,"As much as I like having lunch at school, I don‚Äôt resent being able to make something for myself today. #goldenweek‚Ä¶ https://t.co/TaDtjEkLaN"
1521327044873048064,iLuca3844,Tue May 03 03:13:27 +0000 2022,126.650585,37.3938445,"Seoul, 1989 https://t.co/kCYB6rV4ba"
1521327064212963328,AKainotora,Tue May 03 03:13:31 +0000 2022,135.614653,34.8784265,"@yogetoth Hey,yogetoth-san. Please check my son‚Äôs NFT!!https://t.co/R2Ssf5TqK8 0.003eth"
1521327124245729280,_ja2ns,Tue May 03 03:13:45 +0000 2022,127.0459045,37.577942,Breaking bad #Ozark Got Black mirror Mindhunter
1521327172136628224,jakeadelstein,Tue May 03 03:13:57 +0000 2022,139.6262955,35.698162499999995,@IndySOW @SarahJonesChi Sarah is awesome.
1521327173784997888,1287w,Tue May 03 03:13:57 +0000 2022,142.57608800000003,43.437265,@SON_OF_A_GLXTCH beautiful and cute TULIPS https://t.co/LNk5AzmmXw
1521327190520233985,llucasmantovani,Tue May 03 03:14:01 +0000 2022,136.271031,35.132275,thanks to Instagram for the great qualitymultimillionaire company can't even figure out how to optimize their app‚Ä¶ https://t.co/GzwObYWXTx
1521327246736117760,Jess02Jessica,Tue May 03 03:14:15 +0000 2022,127.112313,37.500800999999996,@AaronSerna This makes my blood boil. This is why we lose over and over.
1521327310334439424,parktodak,Tue May 03 03:14:30 +0000 2022,129.160683,35.1992555,"@Hyundai_NFT sook#4314#Hyundai_NFT,#NFT https://t.co/zI2i1izwIb"
1521327324423405568,fefyhatesyall,Tue May 03 03:14:33 +0000 2022,139.630609,35.878185,Well Joe??!?????
1521327338923106304,AKainotora,Tue May 03 03:14:37 +0000 2022,135.614653,34.8784265,"@Tariwizy Hey,Tariwizy-san. Please check my son‚Äôs NFT!!https://t.co/R2Ssf5TqK8 0.003eth"
